{"cameraMode":{"drawMode":0,"name":"Shaded","section":"Shading Mode"},"sceneLighting":false,"audioPlay":false,"sceneViewState":{"showFog":true,"showMaterialUpdate":false,"showSkybox":true,"showFlares":true,"showImageEffects":true,"showParticleSystems":true},"in2DMode":false,"pivot":{"x":7.223191261291504,"y":-1.997476577758789,"z":-3.4236745834350588},"rotation":{"x":0.0016074967570602894,"y":0.8443174958229065,"z":-0.5358359813690186,"w":0.0025329727213829757},"size":28.309188842773439,"orthographic":false}